{
    "name": "pulltorefresh",
    "title": "Pull to Refresh",
    "description": "A simple jQuery plugin to perform pull to refresh (p2r)",
    "keywords": [
        "ui",
        "ux",
        "effect"
    ],
    "version": "2.1.5",
    "author": {
        "name": "Luis Felipe Kaufmann da Silva",
        "url": "http://luis-kaufmann-silva.github.io/"
    },
    "maintainers": [{
        "name": "Luis Felipe Kaufmann da Silva",
        "email": "luis.kaufmann.silva@gmail.com",
        "url": "http://luis-kaufmann-silva.github.io/"
    }],
    "licenses": [{
        "type": "MIT",
        "url": "https://github.com/jquery/jquery-color/blob/2.1.2/MIT-LICENSE.txt"
    }],
    "bugs": "https://github.com/luis-kaufmann-silva/jquery-p2r/issues",
    "homepage": "http://luis-kaufmann-silva.github.io/jquery-p2r/",
    "dependencies": {
        "jquery": ">=2.0.0"
    }
}