{
  "project_info": {
    "project_number": "1091793806898",
    "firebase_url": "https://vt-economic-calendar-24fc0.firebaseio.com",
    "project_id": "vt-economic-calendar-24fc0",
    "storage_bucket": "vt-economic-calendar-24fc0.appspot.com"
  },
  "client": [
    {
      "client_info": {
        "mobilesdk_app_id": "1:1091793806898:android:bec16dda3b6abeb1",
        "android_client_info": {
          "package_name": "com.phonegap.vteconomiccalendar"
        }
      },
      "oauth_client": [
        {
          "client_id": "1091793806898-h1jntimg96ltil96d22f66pqncnp51nh.apps.googleusercontent.com",
          "client_type": 3
        }
      ],
      "api_key": [
        {
          "current_key": "AIzaSyAICyzPruchx_Rd1ar1rsLYy1UUkyXdRTM"
        }
      ],
      "services": {
        "analytics_service": {
          "status": 1
        },
        "appinvite_service": {
          "status": 1,
          "other_platform_oauth_client": []
        },
        "ads_service": {
          "status": 2
        }
      }
    }
  ],
  "configuration_version": "1"
}